{"inputs": {"max": 6730496.5000,
  "min": -6311163.0,
  "total": 28200,
  "ema_min": -1.8283945332371097,
  "ema_max": 2.010988742992936,
  "min_val": -223.8001,
  "max_val": 238.6701},
 "conv1": {"max": 47564136.0,
  "min": 0.0,
  "total": 28200,
  "ema_min": 0.0,
  "ema_max": 14.410036903039623,
  "min_val": 0.0,
  "max_val": 1686.6715},
 "conv2": {"max": 19563518.0,
  "min": 0.0,
  "total": 28200,
  "ema_min": 0.0,
  "ema_max": 5.883798675685841,
  "min_val": 0.0,
  "max_val": 693.7418},
 "conv3": {"max": 21587442.0,
  "min": 0.0,
  "total": 28200,
  "ema_min": 0.0,
  "ema_max": 6.113140602032386,
  "min_val": 0.0,
  "max_val": 765.5121},
 "conv4": {"max": 19523180.0,
  "min": 0.0,
  "total": 28200,
  "ema_min": 0.0,
  "ema_max": 5.853043436314416,
  "min_val": 0.0,
  "max_val": 692.3113},
 "conv5": {"max": 17993126.0,
  "min": 0.0,
  "total": 28200,
  "ema_min": 0.0,
  "ema_max": 5.184863400219805,
  "min_val": 0.0,
  "max_val": 638.0541},
 "conv6": {"max": 17057586.0,
  "min": 0.0,
  "total": 28200,
  "ema_min": 0.0,
  "ema_max": 4.867972159816181,
  "min_val": 0.0,
  "max_val": 604.8789},
 "conv7": {"max": 18366092.0,
  "min": 0.0,
  "total": 28200,
  "ema_min": 0.0,
  "ema_max": 5.295098206954494,
  "min_val": 0.0,
  "max_val": 651.2798},
 "conv8": {"max": 18518036.0,
  "min": 0.0,
  "total": 28200,
  "ema_min": 0.0,
  "ema_max": 5.268711037564025,
  "min_val": 0.0,
  "max_val": 656.6680},
 "conv9": {"max": 16364278.0,
  "min": 0.0,
  "total": 28200,
  "ema_min": 0.0,
  "ema_max": 4.679427694172939,
  "min_val": 0.0,
  "max_val": 580.2935},
 "conv10": {"max": 17676884.0,
  "min": 0.0,
  "total": 28200,
  "ema_min": 0.0,
  "ema_max": 5.340322316932261,
  "min_val": 0.0,
  "max_val": 626.8398},
 "conv11": {"max": 20852692.0,
  "min": 0.0,
  "total": 28200,
  "ema_min": 0.0,
  "ema_max": 6.179680712534192,
  "min_val": 0.0,
  "max_val": 739.4572},
 "conv12": {"max": 16355911.0,
  "min": 0.0,
  "total": 28200,
  "ema_min": 0.0,
  "ema_max": 5.158464395414892,
  "min_val": 0.0,
  "max_val": 579.9968},
 "classifier": {"max": 51839428.0,
  "min": -87903512.0,
  "total": 28200,
  "ema_min": -26.280495903745003,
  "ema_max": 16.09196956056698,
  "min_val": -3117.1458,
  "max_val": 1838.2776}}